{"cameraMode":{"drawMode":0,"name":"Shaded","section":"Shading Mode"},"sceneLighting":true,"audioPlay":false,"sceneViewState":{"showFog":true,"showMaterialUpdate":false,"showSkybox":true,"showFlares":true,"showImageEffects":true,"showParticleSystems":true},"in2DMode":false,"pivot":{"x":-2.7899885177612306,"y":5.658027172088623,"z":-0.8077172040939331},"rotation":{"x":0.0006141109624877572,"y":0.99931401014328,"z":-0.031488824635744098,"w":0.019489144906401635},"size":2.247856855392456,"orthographic":true}