{"cameraMode":{"drawMode":0,"name":"Shaded","section":"Shading Mode"},"sceneLighting":true,"audioPlay":false,"sceneViewState":{"showFog":true,"showMaterialUpdate":false,"showSkybox":true,"showFlares":true,"showImageEffects":true,"showParticleSystems":true},"in2DMode":false,"pivot":{"x":0.9005105495452881,"y":1.2574712038040162,"z":-5.237804889678955},"rotation":{"x":-0.22296461462974549,"y":-0.03479639068245888,"z":0.0079638147726655,"w":-0.974175751209259},"size":9.122176170349121,"orthographic":true}